,MSE,R2
Linear Regression,283.04935588016826,0.999710219062635
Random Forest,17646.05796295837,0.981934277146108
XGBoost,60804.132761598536,0.9377498015053479
Bagging (Linear Regression),296.872711577977,0.9996960669549251
Bagging (Decision Tree),17117.900935428883,0.98247499499384
